Date,Time,Subject,Caller,Relationship_Caller_OgRecvr,CallerDirecKnown,Dist2Caller,Dist2AltRecvr,Treatment,TimeSetUp,Order60,Order300,Distance,dBC_at_ele,dBC,dBZ,SpeakerLoc,OtherAdults,NoiseBursts,Playback,LatVoc,VocCen,LatVig,VigCen,LatApr,AprCen,NumVocPre,NumVocPost,DurVigPre,DurVigPost,DurVigDiff,Comments
20211018,935,R24,R23,Mom,0,NA,NA,C,316.5865,3,3,44,69.33094647,102.2,100.0333333,g,0,1,60.6,600,0,2.029,1,600,0,0,0,0,18.25,18.25,Unsure if really counts as listening. Also she moved toward speaker at 380 sec after playback but then turned and went in different direction (perpendicular to speaker) before reaching it.
20211021,1238,R22.89,R24,OldA2A,1,450,450,C,202.2489,1,2,50,70.28726661,104.2666667,102.9,g,0,0,137.944,600,0,13.341,1,600,0,0,0,13.617,43.416,29.799,possible listening posture starts in pre-playback and continues through playback so LatVig refers to onset of scanning and smelling. Not sure if the listening is really listening here
20211023,1050,R26,R25.03,AgeMts,0,NA,NA,C,256.7333,1,1,50,65.25393324,99.23333333,96.66666667,g,1,1,98.707,6.0472,1,1.66,1,600,0,0,1,0,58.34,58.34,"R25.03 in unknown direction, but R26.18 and R26.0013 in opp direc of speaker, so could be violation of expectation"
20211025,1029,R23.93,R24,OldA2A,0,NA,NA,T,160.6238,1,2,51,70.11526318,104.2666667,102.9,g,0,0,94,600,0,2.964,1,600,0,0,0,0,1.501,1.501,"Very slight turning of head towards playback, but then never turned it back. I counted it as vigilance from the moment the head started moving until it stopped moving. Can't see temporal glands until 47 sec (13 sec into pre-playback period) but probably were streaming the whole time"
20211028,942,R22.89,R24,OldA2A,1,411.4,411.4,T,107.7457,2,4,50,66.78726661,100.7666667,99.83333333,g,0,1,109,21.519,1,7.426,1,600,0,0,1,0,14.071,14.071,Can�t see temporal streaming and can't see listening well. There was a second call in post-playback but didn't hear it in the field and not sure who made it
20211102,946,R25.9002,R25.03,AgeMts,1,330,NA,T,188.4725,1,1,57,64.11583622,99.23333333,96.66666667,g,0,1,147.748,600,0,1.767,1,589.104,1,0,0,0,5.002,5.002,Approach started just before end of post-playback but she didn't actually reach speaker until several min after post-playback ended. It was a slow approach with stops for browsing/nursing and may not have been in response to playback
20211105,926,M25.0012,M25.00,Mom,1,240,240,T,181.3934,1,1,40.4,65.23903937,97.36666667,94.46666667,g,0,1,77.744,600,0,0.868,1,600,0,0,0,0,59.132,59.132,"2:44 after playback, there was a call that was either from M28.9412 or M25.0012 as M25.0012 TTO genitals of M28.9412. Since I don't know who made it and I'm pretty sure it was a GWG (not in response to playback), I'm not counting it. No adults present, but there is a subadult who is the same age as the subject; 2 calls shortly after playback from unknown callers but don't think they were from M25.0012"
20211118,1229,R24,R23,AgeMts,0,NA,NA,T,292.4576,4,5,52,62.71326646,97.03333333,93.83333333,g,0,0,177.604,3.7956,1,1.642,1,600,0,0,1,4.638,35.628,30.99,"High wind. Playback not audible in video but can determine time from separate audio file. R24 clearly heard the playback. R22.03, R22.89, and their calves (and others?) APR R24 before end of post-playback. R22.03, R22.89, and R24.14 all give calls but unsure if R24 called. There were some unidentified calls that could have been her, but in any case if they were they were unlikely to have been in response to the playback"
20211120,850,R26,R25.03,YngA2A,0,NA,NA,T,150.5846,2,2,49,66.6627451,100.4666667,96.8,g,0,0,79.379,5.1143,1,1.502,1,151.185,1,0,8,0,26.075,26.075,Playback recording cut off only ~9 min after playback. R26 made at least 4 calls after playback but likely more-- couldn't tell which RUM were hers once she moved too far away; very slight noise bursts in playback
20211127,1247,R23.09,R23,AgeMts,1,203,NA,C,299.4985,4,4,53,62.54781594,97.03333333,93.83333333,g,0,0,294.828,344.0015,0,2.469,1,20.091,1,0,0,0,17.622,17.622,"Recording ended ~5:43 after playback b/c R23.09 went OOS, so I censored LatVoc then. Temporal streaming censored b/c she went oos"
20211211,956,R26.00,R25.03,AgeMts,1,219.4,220,T,120.5729,1,1,45,66.30241639,99.36666667,98.06666667,g,1,0,95.095,4.5035,1,0.367,1,43.16,1,0,3,0,13.047,13.047,"not sure if temporal streaming before playback or not, but I think she was"
20211218,1031,R26.00,R25.03,YngA2A,0,NA,182.4,C,94.9476,2,2,40.2,68.38214564,100.4666667,96.83333333,g,0,0,94.261,501.6648,1,600,0,341.813,1,0,2,0,0,0,2 calls at 8:22 and 8:43 after playback but didn't hear in the field and not sure if they were R26.00 (assuming they were b/c no other adults in immediate vicinity and calls don't look like they were from too far away). Approach was very slow and meandering and probably had nothing to do with the playback
20211218,1137,M9,M9.96,AdDau,1,600,600,T,111.278,1,2,49.4,62.35879435,96.23333333,94.06666667,v,0,0,60.561,4.1494,1,1.267,1,600,0,0,1,0,18.252,18.252,can't tell if there is light temporal streaming but if so it was there in pre-playback too; there was a second call in the post-playback period but unsure if M9 made it or not so not counting it in NumVocPost
20220129,1016,M8.98,M8.08,YngA2A,1,1400,1400,T,64.179,1,1,47,67.35804284,100.8,99.6,v,1,1,59.259,60.117,1,3.361,1,87.745,1,0,7,0,56.639,56.639,"already moving toward speaker during pre-playback so approach latency may not be valid (I used the time at which she started moving again after stopping to listen in response to the playback); separate audio recording only has channel 2- hard to see exactly when M8.98 called; Leaderboard Ided M8.98 as the caller. I couldn't tell for sure. She gave no obvious signs of calling (no open mouth, no flapping ears); more calls after 1 min mark"
20220203,916,R23,R24,AgeMts,1,530,530,T,144.668,1,5,43.8,67.50385109,100.3333333,96.9,v,0,0,165.732,600,0,1.969,1,600,0,0,0,0,55.883,55.883,slight gap in video but after 1 min mark
20220208,924,M8.98,M8.08,YngA2A,1,2600,2600,C,130.2255,2,2,52.8,63.71398822,98.16666667,96.3,v,1,0,86.486,600,0,1.466,1,600,0,0,0,35.422,7.999,-27.423,unsure if all the scanning and listening I recorded is really vigilance
20220221,1011,M9.9612,M9.96,AdDau,1,181,270,C,88.4625,1,2,59,60.8162931,96.23333333,94.06666667,v,1,0,74.241,5.822,1,0.701,1,407.088,1,1,2,15.752,27.756,12.004,"there are two calls in pre-playback period, likely GWG between M9.08 and M9.9612. Guessing one was made by M9.9612 but not sure. First call after playback was M9.0820, then either M9.9612 or M9.08 almost immediately overlapped by the other one. Then a fourth call from unknown caller. Guessing the second and fourth call were M9.9612 but they could easily have been M9.08. So NumVocPost is either 1 or 2 but can't say which. Unsure when to count start of approach. Moved parallel to speaker but slightly closer to M9.96. Then stood there for a few minutes, then slowly moved toward M9.96 while grazing (this is the start of the approach as I scored it). Then ~6 sec after end of post-playback, sniffed ground, stood still for a moment, and then moved more purposefully toward M9.96"
20220222,1235,R23,R24,OldA2A,0,NA,far,C,129.0038,2,6,43,66.63063089,99.3,96.46666667,v,1,0,78.178,600,0,2.002,1,600,0,0,0,0,57.998,57.998,
20220301,907,M6.99,M6,Mom,0,NA,1066,T,83.0221,3,3,51,64.54859648,98.7,95,v,0,0,73.54,422.2062,1,2.469,1,151.263,1,0,2,0,29.211,29.211,
20220301,1009,M7.8905,M6,Mom,0,NA,1066,C,110.3674,2,2,54.8,63.92438883,98.7,95,v,0,0,90.49,4.1816,1,600,0,600,0,0,1,0,0,0,
20220308,1131,M7.8905,M6,OldA2A,1,1332.4,NA,T,93.995,3,3,49.4,63.19212769,97.06666667,93.4,v,0,0,91.758,1.6726,1,2.269,1,124.502,1,0,2,0,5.688,5.688,"unsure if approach should count. It was very slow and meandering, and she stopped to feed a lot along the way. Also unsure if second call was M7.8905 or someone in distance (maybe M8.88)"
20220315,1251,M8.88,M8.08,YngA2A,0,NA,NA,C,131.88,3,4,49,66.9960784,100.8,99.6,v,0,1,88.055,8.2069,1,3.149,1,24.918,1,0,5,0,21.769,21.769,"Left channel of recording didn't get turned on. Can't see any noise bursts but they were present in first playback to M8.98 so assuming they were here as well. Unsure about one of the calls (not the first one). I only mentioned one call on the recording but it sounds like there were two. But left channel didn't get recorded so hard to tell if it's an elephant call or if so who made it. M8.88 went OOS at 275.681 sec. There was a long gap before we could get eyes on her again, but mostly she was walking (beyond speaker) and then resting under a new tree. Not sure if we missed some vigilance or calls while we were moving the car"
20220316,1033,R26.00,R26,OldA2A,1,926,926,C,71.4933,3,4,45.4,63.69221627,96.83333333,96.2,v,0,0,68.769,600,0,7.724,1,600,0,0,0,0,6.29,6.29,"Vigilance was VERY slight and brief turning of head towards speaker. Not sure if it should really count at all. There were also some periods after the 1 min mark where R26.00 stood with ears held out and not flapping, but I think she was resting rather than listening. Hard to tell"
20220321,1006,M6.99,M6,OldA2A,1,504,far,C,72.3004,4,4,50.5,63.00083911,97.06666667,93.4,v,0,0,68.969,281.411,1,2.269,1,600,0,0,1,0,57.731,57.731,Call from M6.99 is very quiet (not contact call). Most of the vigilance was just listening with some slight scanning. Not certain if she was really listening or just resting without flapping her ears
20220322,1131,M8.88,M8.08,YngA2A,0,NA,NA,T,107.8906,4,5,56,63.20290613,98.16666667,96.3,v,0,0,104.071,600,0,5.901,1,600,0,NA,0,0,9.762,9.762,"Not sure if this vigilance really counts. She slightly turned her head toward the speaker, but never lifted her head or adopted a listening posture; other adult is M24.90, from different family; at 614sec M8.88 goes OOS. Def no approach to speaker though. There was a call right before the playback from an unknown caller. Also several calls in 10-min post-playback period but pretty sure M8.88 didn't make any of them"
20220324,1151,M25.0012,M25.00,Mom,1,560,560,C,88.9771,4,5,48,64.47517525,98.1,97.26666667,v,0,1,76.31,600,0,1.636,1,600,0,0,0,0,10.002,10.002,RUM prob from M25.0012 ~1:20 before playback
20220325,1036,R25.03,R26,Mom,0,NA,NA,C,104.8349,3,5,53,63.31448261,97.8,94.9,v,0,1,71.839,600,0,3.099,1,310.073,1,1,0,0,29.004,29.004,"vigilance very subtle; also unsure if approach was in response to playback or unrelated; call about 1:15 before playback, likely from R25.03 but didn't hear in the field"
20220326,1126,R21.04,R24,AgeMts,1,814,814,C,85.0315,5,11,48,66.70850855,100.3333333,96.9,g,0,0,84.751,600,0,2.169,1,600,0,0,0,0,10.034,10.034,vigilance is just listening and very subtle. Not sure if really listening or just resting with ears still
20220331,925,R23.09,R23,Mom,1,180,200-400?,T,87.208,6,7,47,68.75804284,102.2,100.0333333,v,0,1,69.436,431.2451,1,2.903,1,4.251,1,0,1,0,5.351,5.351,2 additional calls with unknown callers that could possibly be R23.09
20220404,1132,R25.03,R26,OldA2A,0,NA,NA,T,71.4158,4,6,47,63.39137617,96.83333333,96.2,v,0,0,67.467,600,0,1.717,1,6.22,1,0,0,0,3.254,3.254,"She was slowly moving in the direction of the speaker before the pre-playback period, so I'm not sure if her approach was in response to the playback or not"
20220405,1046,R23.93,R24,OldA2A,1,365,400,C,252.8749,4,7,48,67.14184195,100.7666667,99.83333333,v,0,1,68.402,600,0,1.284,1,600,0,0,0,0,7.756,7.756,"chorus by Clouds ~3min before playback, but soft (inaudible in the field) rumbles continued past playback"
20220406,1356,R26.00,R26,Mom,0,NA,NA,T,70.4961,5,6,50,63.82059991,97.8,94.9,v,0,1,134.134,600,0,2.367,1,600,0,0,0,0,6.998,6.998,
20220413,1151,M9,M9.96,Mom,0,NA,NA,C,95.9893,2,4,48.4,65.3364261,99.03333333,97.5,v,0,0,78.879,600,0,0.564,1,600,0,0,0,13.506,36.557,23.051,approached partway toward speaker but stopped
20220421,1006,R21.04,R24,OldA2A,1,202,202,T,393.3794,6,12,49,65.4960784,99.3,96.46666667,v,0,0,395.429,509.329,1,10.084,1,163.97,1,1,2,0,16.057,16.057,has newborn born a few hours ago; uncertain if call in pre-playback period was from R21.04
